{
  "high": {
    "RandomForest": {
      "n_estimators": 350,
      "max_depth": 19,
      "min_samples_split": 18,
      "min_samples_leaf": 6,
      "max_features": 0.3481911624451403
    },
    "GBDT": {
      "n_estimators": 200,
      "learning_rate": 0.03753359766614066,
      "max_depth": 6,
      "min_samples_split": 9,
      "min_samples_leaf": 4,
      "subsample": 0.6851789015008469
    },
    "LightGBM": {
      "n_estimators": 400,
      "learning_rate": 0.020618650041525577,
      "num_leaves": 105,
      "max_depth": 5,
      "min_child_samples": 28,
      "subsample": 0.9198524560298148,
      "colsample_bytree": 0.7044956670055701,
      "reg_alpha": 0.0002037125658216355,
      "reg_lambda": 0.07829258963898378,
      "min_split_gain": 0.08020279027223479
    },
    "XGBoost": {
      "n_estimators": 250,
      "learning_rate": 0.049166125935439384,
      "max_depth": 6,
      "min_child_weight": 1,
      "subsample": 0.9051737874718867,
      "colsample_bytree": 0.6916748599962715,
      "gamma": 0.27939929152165716,
      "reg_alpha": 0.00011497396497841208,
      "reg_lambda": 2.1284774565415389e-07
    },
    "_val_wapes": {
      "RandomForest": 31.17,
      "GBDT": 30.3,
      "LightGBM": 30.2,
      "XGBoost": 29.88
    }
  },
  "medium": {
    "RandomForest": {
      "n_estimators": 200,
      "max_depth": 14,
      "min_samples_split": 13,
      "min_samples_leaf": 10,
      "max_features": 0.315055717640765
    },
    "GBDT": {
      "n_estimators": 250,
      "learning_rate": 0.1314034648499595,
      "max_depth": 7,
      "min_samples_split": 3,
      "min_samples_leaf": 5,
      "subsample": 0.794838944075842
    },
    "LightGBM": {
      "n_estimators": 350,
      "learning_rate": 0.06249978122304181,
      "num_leaves": 26,
      "max_depth": 11,
      "min_child_samples": 50,
      "subsample": 0.7769551007976021,
      "colsample_bytree": 0.99419460466932,
      "reg_alpha": 2.717474257457124e-05,
      "reg_lambda": 0.062352924376888545,
      "min_split_gain": 0.49942358486349764
    },
    "XGBoost": {
      "n_estimators": 300,
      "learning_rate": 0.06342001701617758,
      "max_depth": 7,
      "min_child_weight": 2,
      "subsample": 0.836114059207932,
      "colsample_bytree": 0.6494569708357757,
      "gamma": 0.07069636186440754,
      "reg_alpha": 0.3000896448529262,
      "reg_lambda": 0.016990052392955295
    },
    "_val_wapes": {
      "RandomForest": 45.12,
      "GBDT": 41.44,
      "LightGBM": 39.63,
      "XGBoost": 40.97
    }
  },
  "low": {
    "RandomForest": {
      "n_estimators": 150,
      "max_depth": 9,
      "min_samples_split": 6,
      "min_samples_leaf": 6,
      "max_features": 0.30987546047008446
    },
    "GBDT": {
      "n_estimators": 200,
      "learning_rate": 0.03318485036010632,
      "max_depth": 7,
      "min_samples_split": 3,
      "min_samples_leaf": 4,
      "subsample": 0.6493683700479091
    },
    "LightGBM": {
      "n_estimators": 800,
      "learning_rate": 0.046118109073585274,
      "num_leaves": 15,
      "max_depth": 9,
      "min_child_samples": 45,
      "subsample": 0.7109869669928413,
      "colsample_bytree": 0.9670179284377606,
      "reg_alpha": 3.5591498280427704e-07,
      "reg_lambda": 1.2391844377699314e-08,
      "min_split_gain": 0.31038210392872867
    },
    "XGBoost": {
      "n_estimators": 300,
      "learning_rate": 0.02920273580556546,
      "max_depth": 4,
      "min_child_weight": 7,
      "subsample": 0.7512051044757314,
      "colsample_bytree": 0.7822184498865059,
      "gamma": 0.05328191267652074,
      "reg_alpha": 0.00727026821466543,
      "reg_lambda": 0.00011569789931316323
    },
    "_val_wapes": {
      "RandomForest": 56.88,
      "GBDT": 57.44,
      "LightGBM": 57.32,
      "XGBoost": 57.84
    }
  },
  "short": {
    "RandomForest": {
      "n_estimators": 350,
      "max_depth": 7,
      "min_samples_split": 7,
      "min_samples_leaf": 4,
      "max_features": 0.619248988951925
    },
    "GBDT": {
      "n_estimators": 200,
      "learning_rate": 0.014821728402144643,
      "max_depth": 7,
      "min_samples_split": 17,
      "min_samples_leaf": 9,
      "subsample": 0.6679855446624724
    },
    "LightGBM": {
      "n_estimators": 400,
      "learning_rate": 0.013073389305611506,
      "num_leaves": 88,
      "max_depth": 6,
      "min_child_samples": 10,
      "subsample": 0.7709801462653252,
      "colsample_bytree": 0.7582890727947359,
      "reg_alpha": 0.019991060247454936,
      "reg_lambda": 3.850531813822025e-06,
      "min_split_gain": 0.43066856199718806
    },
    "XGBoost": {
      "n_estimators": 500,
      "learning_rate": 0.05533013946868597,
      "max_depth": 3,
      "min_child_weight": 7,
      "subsample": 0.81582459162082,
      "colsample_bytree": 0.7012589373981017,
      "gamma": 0.35388216661015603,
      "reg_alpha": 0.0014452578372729584,
      "reg_lambda": 1.0209699332115788e-07
    }
  }
}
