{
  "high": {
    "RandomForest": {
      "n_estimators": 450,
      "max_depth": 20,
      "min_samples_split": 19,
      "min_samples_leaf": 10,
      "max_features": 0.3001115087173593
    },
    "GBDT": {
      "n_estimators": 250,
      "learning_rate": 0.02692655251486473,
      "max_depth": 7,
      "min_samples_split": 4,
      "min_samples_leaf": 3,
      "subsample": 0.7465447373174767
    },
    "LightGBM": {
      "n_estimators": 750,
      "learning_rate": 0.02021299189391959,
      "num_leaves": 106,
      "max_depth": 6,
      "min_child_samples": 28,
      "subsample": 0.9048481919497696,
      "colsample_bytree": 0.6776576940185666,
      "reg_alpha": 0.0001734661736721162,
      "reg_lambda": 0.0024915023948579493,
      "min_split_gain": 0.0003070318219314393
    },
    "XGBoost": {
      "n_estimators": 400,
      "learning_rate": 0.04194391207839159,
      "max_depth": 8,
      "min_child_weight": 8,
      "subsample": 0.8286435458016654,
      "colsample_bytree": 0.7856283783816264,
      "gamma": 0.1522196908992644,
      "reg_alpha": 6.83942236289426e-07,
      "reg_lambda": 0.0013414421690122833
    }
  },
  "medium": {
    "RandomForest": {
      "n_estimators": 350,
      "max_depth": 18,
      "min_samples_split": 12,
      "min_samples_leaf": 10,
      "max_features": 0.3105148481379809
    },
    "GBDT": {
      "n_estimators": 150,
      "learning_rate": 0.12192686714595587,
      "max_depth": 6,
      "min_samples_split": 12,
      "min_samples_leaf": 5,
      "subsample": 0.9600621044471841
    },
    "LightGBM": {
      "n_estimators": 350,
      "learning_rate": 0.06568993573318485,
      "num_leaves": 39,
      "max_depth": 9,
      "min_child_samples": 9,
      "subsample": 0.6438970264382229,
      "colsample_bytree": 0.9492906830042447,
      "reg_alpha": 0.007456111548942682,
      "reg_lambda": 1.1535886285038898e-06,
      "min_split_gain": 0.28765596014397027
    },
    "XGBoost": {
      "n_estimators": 500,
      "learning_rate": 0.03198441022792368,
      "max_depth": 7,
      "min_child_weight": 4,
      "subsample": 0.9860050927558491,
      "colsample_bytree": 0.6379940742041235,
      "gamma": 0.4724005260475958,
      "reg_alpha": 0.12520748653836433,
      "reg_lambda": 1.1227286809583775e-08
    }
  },
  "low": {
    "RandomForest": {
      "n_estimators": 450,
      "max_depth": 8,
      "min_samples_split": 11,
      "min_samples_leaf": 6,
      "max_features": 0.3325152889039984
    },
    "GBDT": {
      "n_estimators": 450,
      "learning_rate": 0.014098895991295088,
      "max_depth": 7,
      "min_samples_split": 18,
      "min_samples_leaf": 8,
      "subsample": 0.9074143319736412
    },
    "LightGBM": {
      "n_estimators": 650,
      "learning_rate": 0.09957631743236485,
      "num_leaves": 104,
      "max_depth": 6,
      "min_child_samples": 30,
      "subsample": 0.9992062925899448,
      "colsample_bytree": 0.8252523496757213,
      "reg_alpha": 1.3292869421796893e-06,
      "reg_lambda": 0.14213287391786045,
      "min_split_gain": 0.08712395765506321
    },
    "XGBoost": {
      "n_estimators": 450,
      "learning_rate": 0.010191847092916465,
      "max_depth": 6,
      "min_child_weight": 6,
      "subsample": 0.9230305139070843,
      "colsample_bytree": 0.658720828900373,
      "gamma": 0.21986755173109612,
      "reg_alpha": 2.094046216325316e-07,
      "reg_lambda": 5.79760716784276e-07
    }
  }
}